contactId,html1,abstract1,html2,abstract2,html3,abstract3
CID_12m7EagAvBJnUFB,content1.html,abstract1.html,content2.html,abstract2.html,content3.html,abstract3.html
CID_1fm9U6VUaVPLKjs,content1.html,abstract1.html,content2.html,abstract2.html,content3.html,abstract3.html
CID_2WPyxAVqws4QXNN,content1.html,abstract1.html,content2.html,abstract2.html,content3.html,abstract3.html
CID_3plmXfz3FNPs9hH,content4.html,abstract4.html,content5.html,abstract5.html,content6.html,abstract6.html
CID_3ReJLsylZ98WrOp,content7.html,abstract7.html,content8.html,abstract8.html,content9.html,abstract9.html
CID_1loAqJ97MByHHsw,content10.html,abstract10.html,content11.html,abstract11.html,content12.html,abstract12.html
CID_pgGJkJxDFfRTueZ,content13.html,abstract13.html,content14.html,abstract14.html,content15.html,abstract15.html
CID_1jHwPhsrwVA16jj,content16.html,abstract16.html,content17.html,abstract17.html,content18.html,abstract18.html
CID_3CDdcxqhXf66o0X,content4.html,abstract4.html,content5.html,abstract5.html,content6.html,abstract6.html
CID_2f3dHS4CGj43HUr,content7.html,abstract7.html,content8.html,abstract8.html,content9.html,abstract9.html
CID_0AG2szdSBoI6OZP,content10.html,abstract10.html,content11.html,abstract11.html,content12.html,abstract12.html
CID_31ZzBVuwR6XbDgO,content13.html,abstract13.html,content14.html,abstract14.html,content15.html,abstract15.html
CID_1rNU1f39HWQUnpN,content16.html,abstract16.html,content17.html,abstract17.html,content18.html,abstract18.html