version,html1,abstract1,html2,abstract2,html3,abstract3
0,content1.html,abstract1.html,content2.html,abstract2.html,content3.html,abstract3.html
1,content4.html,abstract4.html,content5.html,abstract5.html,content6.html,abstract6.html
2,content7.html,abstract7.html,content8.html,abstract8.html,content9.html,abstract9.html
3,content10.html,abstract10.html,content11.html,abstract11.html,content12.html,abstract12.html
4,content13.html,abstract13.html,content14.html,abstract14.html,content15.html,abstract15.html
5,content16.html,abstract16.html,content17.html,abstract17.html,content18.html,abstract18.html
6,content19.html,abstract19.html,content20.html,abstract20.html,content21.html,abstract21.html
7,content22.html,abstract22.html,content23.html,abstract23.html,content24.html,abstract24.html
8,content25.html,abstract25.html,content26.html,abstract26.html,content27.html,abstract27.html
9,content28.html,abstract28.html,content29.html,abstract29.html,content30.html,abstract30.html
10,content31.html,abstract31.html,content32.html,abstract32.html,content33.html,abstract33.html
11,content34.html,abstract34.html,content35.html,abstract35.html,content36.html,abstract36.html
12,content37.html,abstract37.html,content38.html,abstract38.html,content39.html,abstract39.html
13,content40.html,abstract40.html,content41.html,abstract41.html,content42.html,abstract42.html
14,content43.html,abstract43.html,content44.html,abstract44.html,content45.html,abstract45.html
15,content46.html,abstract46.html,content47.html,abstract47.html,content48.html,abstract48.html
101,content104.html,abstract104.html,content105.html,abstract105.html,content106.html,abstract106.html
102,content107.html,abstract107.html,content108.html,abstract108.html,content109.html,abstract109.html
103,content110.html,abstract110.html,content111.html,abstract111.html,content112.html,abstract112.html
104,content113.html,abstract113.html,content114.html,abstract114.html,content115.html,abstract115.html
105,content116.html,abstract116.html,content117.html,abstract117.html,content118.html,abstract118.html
106,content119.html,abstract119.html,content120.html,abstract120.html,content121.html,abstract121.html
107,content122.html,abstract122.html,content123.html,abstract123.html,content124.html,abstract124.html
108,content125.html,abstract125.html,content126.html,abstract126.html,content127.html,abstract127.html
109,content128.html,abstract128.html,content129.html,abstract129.html,content130.html,abstract130.html
110,content131.html,abstract131.html,content132.html,abstract132.html,content133.html,abstract133.html
111,content134.html,abstract134.html,content135.html,abstract135.html,content136.html,abstract136.html
112,content137.html,abstract137.html,content138.html,abstract138.html,content139.html,abstract139.html
113,content140.html,abstract140.html,content141.html,abstract141.html,content142.html,abstract142.html
114,content143.html,abstract143.html,content144.html,abstract144.html,content145.html,abstract145.html
115,content146.html,abstract146.html,content147.html,abstract147.html,content148.html,abstract148.html